	day	n_tweets_all	n_tweets_covid	n_tweets_blm	covid_rehyd	covid_sum	covid_mean	covid_median	blm_rehyd	blm_sum	blm_mean	blm_median	all_rehyd	all_median	all_mean	all_median
0	2020-01-01	780321	1662	0.0	1402	56364805.0	40203.14194008559	104.5	0.0	0.0	0.0	0.0	676841	5.0	22234.603042664377	5.0
1	2020-01-02	757183	2350	0.0	1843	35533908.0	19280.47097124254	56.0	0.0	0.0	0.0	0.0	650657	7.0	21563.398750801112	7.0
2	2020-01-03	982918	1766	0.0	1579	6270383.0	3971.1101963267893	33.0	0.0	0.0	0.0	0.0	833696	19.0	27232.072268548727	19.0
3	2020-01-04	812525	1325	0.0	1182	3206040.0	2712.3857868020305	30.0	0.0	0.0	0.0	0.0	697418	10.0	27153.39303975521	10.0
4	2020-01-05	926721	1187	0.0	1044	4590362.0	4396.89846743295	27.0	0.0	0.0	0.0	0.0	801003	8.0	23616.545674610457	8.0
5	2020-01-06	886953	1555	0.0	1284	5282559.0	4114.142523364486	17.0	0.0	0.0	0.0	0.0	765860	11.0	22730.05063196929	11.0
6	2020-01-07	826800	1866	0.0	1622	2705680.0	1668.1134401972872	20.0	0.0	0.0	0.0	0.0	715952	8.0	18165.535581994325	8.0
7	2020-01-08	948560	2199	0.0	1978	4963761.0	2509.484833164813	29.0	0.0	0.0	0.0	0.0	823146	11.0	23175.845599687054	11.0
8	2020-01-09	878093	2968	0.0	2588	61697490.0	23839.833848531685	80.5	0.0	0.0	0.0	0.0	765669	7.0	19507.139829351847	7.0
9	2020-01-10	865989	3162	0.0	2892	45616095.0	15773.200207468879	214.0	0.0	0.0	0.0	0.0	755136	6.0	21953.468563278668	6.0
10	2020-01-11	783042	2215	0.0	1965	10973353.0	5584.403562340967	164.0	0.0	0.0	0.0	0.0	682471	6.0	20350.262441920608	6.0
11	2020-01-12	832199	1931	0.0	1734	10062187.0	5802.8760092272205	145.0	0.0	0.0	0.0	0.0	723705	6.0	18880.018063990163	6.0
12	2020-01-13	862152	1977	0.0	1751	7070277.0	4037.850942318675	25.0	0.0	0.0	0.0	0.0	751663	7.0	19555.430992346304	7.0
13	2020-01-14	932096	2390	0.0	2214	19487913.0	8802.128726287263	44.0	0.0	0.0	0.0	0.0	814012	7.0	20102.419674402834	7.0
14	2020-01-15	962940	2307	0.0	2102	24534720.0	11672.083729781161	20.0	0.0	0.0	0.0	0.0	845269	9.0	17479.986498972517	9.0
15	2020-01-16	942064	2430	0.0	1988	4338308.0	2182.247484909457	17.0	0.0	0.0	0.0	0.0	827852	9.0	17121.53272203244	9.0
16	2020-01-17	880663	2512	0.0	2143	4673632.0	2180.882874475035	21.0	0.0	0.0	0.0	0.0	771104	7.0	30637.05279313815	7.0
17	2020-01-18	751456	1935	0.0	1578	2821606.0	1788.0899873257288	43.0	0.0	0.0	0.0	0.0	656646	7.0	24735.069512339982	7.0
18	2020-01-19	756246	1432	0.0	1182	2500940.0	2115.85448392555	29.0	0.0	0.0	0.0	0.0	658116	6.0	22948.66382674179	6.0
19	2020-01-20	821620	2945	0.0	2324	7689632.0	3308.7917383821	78.0	0.0	0.0	0.0	0.0	717215	8.0	20962.055630459487	8.0
20	2020-01-21	876748	4528	0.0	3819	24483187.0	6410.889499869076	33.0	0.0	0.0	0.0	0.0	767807	10.0	17141.381390114962	10.0
21	2020-01-22	933748	5223	0.0	4376	43885626.0	10028.707952468007	40.0	0.0	0.0	0.0	0.0	821809	9.0	18030.53038358061	9.0
22	2020-01-23	896068	8460	0.0	7265	205377908.0	28269.498692360634	117.0	0.0	0.0	0.0	0.0	787960	7.0	17821.467088430883	7.0
23	2020-01-24	906829	9368	0.0	7948	88247342.0	11103.08782083543	50.0	0.0	0.0	0.0	0.0	798411	8.0	19067.59085107795	8.0
24	2020-01-25	783380	8750	0.0	7367	140609414.0	19086.38713180399	141.0	0.0	0.0	0.0	0.0	684807	11.0	18110.67449807026	11.0
25	2020-01-26	948547	9764	0.0	8008	147016607.0	18358.71715784216	184.5	0.0	0.0	0.0	0.0	828144	58.0	90442.0962719044	58.0
26	2020-01-27	974684	9871	0.0	8125	140356989.0	17274.70633846154	80.0	0.0	0.0	0.0	0.0	853104	70.0	82897.21047140795	70.0
27	2020-01-28	918808	10229	0.0	8626	267597427.0	31022.191861813124	75.0	0.0	0.0	0.0	0.0	807265	17.0	34602.181517841105	17.0
28	2020-01-29	898501	11500	0.0	10043	712666193.0	70961.48491486607	132.0	0.0	0.0	0.0	0.0	789784	11.0	23939.94159415739	11.0
29	2020-01-30	904574	14558	0.0	12892	360352524.0	27951.638535525908	187.0	0.0	0.0	0.0	0.0	796386	12.0	20583.327196861825	12.0
30	2020-01-31	971607	13098	0.0	11397	177434817.0	15568.554619636747	117.0	0.0	0.0	0.0	0.0	852247	11.0	17795.988910491913	11.0
31	2020-02-01	834234	8005	0.0	6948	77174390.0	11107.42515831894	70.0	0.0	0.0	0.0	0.0	730746	13.0	22918.056820016805	13.0
32	2020-02-02	762607	8094	0.0	7052	97123262.0	13772.442144072604	127.0	0.0	0.0	0.0	0.0	666975	9.0	18506.36533003486	9.0
33	2020-02-03	1051475	7728	0.0	6862	56563386.0	8242.988341591374	40.0	0.0	0.0	0.0	0.0	924147	12.0	24166.94157639423	12.0
34	2020-02-04	948865	7144	0.0	6321	25415547.0	4020.811105837684	37.0	0.0	0.0	0.0	0.0	832353	11.0	17821.50160088328	11.0
35	2020-02-05	1185274	7296	0.0	6549	27715899.0	4232.081081081081	34.0	0.0	0.0	0.0	0.0	1039391	21.0	17173.927295887686	21.0
36	2020-02-06	977903	7405	0.0	6632	14956782.0	2255.2445717732207	39.0	0.0	0.0	0.0	0.0	859962	11.0	16275.916478867672	11.0
37	2020-02-07	874340	9361	0.0	8372	122110472.0	14585.579550883898	89.0	0.0	0.0	0.0	0.0	770114	10.0	16758.454069137817	10.0
38	2020-02-08	853222	7403	0.0	6434	147164565.0	22872.95073049425	122.0	0.0	0.0	0.0	0.0	750275	12.0	26771.184455033155	12.0
39	2020-02-09	756097	6505	0.0	5513	49419281.0	8964.135860692908	134.0	0.0	0.0	0.0	0.0	660364	10.0	20011.115468135755	10.0
40	2020-02-10	895508	8590	0.0	7629	72928234.0	9559.343819635602	172.0	0.0	0.0	0.0	0.0	784494	12.0	21898.45974092855	12.0
41	2020-02-11	905230	10538	0.0	9097	87968908.0	9670.1009123887	125.0	0.0	0.0	0.0	0.0	793249	12.0	23361.98127321938	12.0
42	2020-02-12	971887	7348	0.0	6432	66828640.0	10390.02487562189	37.0	0.0	0.0	0.0	0.0	855081	13.0	19216.382578960354	13.0
43	2020-02-13	920171	8597	0.0	7271	58833590.0	8091.540365836886	43.0	0.0	0.0	0.0	0.0	805711	10.0	16583.188236228623	10.0
44	2020-02-14	905583	7840	0.0	6918	41225617.0	5959.1814108123735	58.0	0.0	0.0	0.0	0.0	796620	9.0	19155.736388742436	9.0
45	2020-02-15	739407	6186	0.0	5299	23495499.0	4433.949613134554	99.0	0.0	0.0	0.0	0.0	649210	11.0	17786.040988278062	11.0
46	2020-02-16	748580	6623	0.0	5463	40331645.0	7382.69174446275	147.0	0.0	0.0	0.0	0.0	651288	12.0	18812.246545307145	12.0
47	2020-02-17	812682	7548	0.0	6398	27006160.0	4221.031572366364	80.5	0.0	0.0	0.0	0.0	710324	12.0	21774.028375783444	12.0
48	2020-02-18	898050	8032	0.0	6625	124432989.0	18782.33796226415	37.0	0.0	0.0	0.0	0.0	784447	12.0	19208.120464480075	12.0
49	2020-02-19	916392	6768	0.0	5730	189438596.0	33060.8369982548	35.0	0.0	0.0	0.0	0.0	802634	11.0	18530.996038044737	11.0
50	2020-02-20	1065146	6202	0.0	5383	29275562.0	5438.521642206948	28.0	0.0	0.0	0.0	0.0	933917	14.0	17977.639480810394	14.0
51	2020-02-21	898536	8452	0.0	7500	16947176.0	2259.6234666666664	49.5	0.0	0.0	0.0	0.0	788633	11.0	18155.93767062753	11.0
52	2020-02-22	794223	7606	0.0	6793	28021863.0	4125.108641248344	101.0	0.0	0.0	0.0	0.0	693629	11.0	15086.279385665825	11.0
53	2020-02-23	788455	8905	0.0	7804	23358721.0	2993.172860071758	146.0	0.0	0.0	0.0	0.0	684349	11.0	15523.214770533748	11.0
54	2020-02-24	848174	16712	0.0	14937	246646889.0	16512.478342371294	323.0	0.0	0.0	0.0	0.0	739757	13.0	22420.970284836778	13.0
55	2020-02-25	894334	36840	0.0	32936	559310961.0	16981.751305562302	1156.0	0.0	0.0	0.0	0.0	783937	11.0	20274.250530335983	11.0
56	2020-02-26	986164	52600	0.0	46358	649052818.0	14000.880495275896	928.0	0.0	0.0	0.0	0.0	865149	11.0	16531.26657720231	11.0
57	2020-02-27	909905	90652	0.0	79636	1618983926.0	20329.799663468784	2000.5	0.0	0.0	0.0	0.0	798908	10.0	17501.401822237352	10.0
58	2020-02-28	886003	90845	0.0	80969	2349488002.0	29017.130037421728	2270.0	0.0	0.0	0.0	0.0	778987	10.0	20152.339911962586	10.0
59	2020-02-29	788484	81719	0.0	72330	2007170738.0	27750.18302225909	2121.0	0.0	0.0	0.0	0.0	691168	10.0	17822.241259722672	10.0
60	2020-03-01	781887	54223	0.0	47731	1386687535.0	29052.136661708322	2071.0	0.0	0.0	0.0	0.0	682874	12.0	20325.358354542714	12.0
61	2020-03-02	867799	64028	0.0	56625	1896815631.0	33497.84778807947	652.0	0.0	0.0	0.0	0.0	761934	12.0	18582.56231248376	12.0
62	2020-03-03	953705	70761	0.0	61794	2748702321.0	44481.702446839496	748.5	0.0	0.0	0.0	0.0	839075	12.0	17179.56211184936	12.0
63	2020-03-04	1046465	63031	0.0	55831	2939329518.0	52646.90795436227	656.0	0.0	0.0	0.0	0.0	918432	12.0	19366.742554701927	12.0
64	2020-03-05	969611	71106	0.0	63332	3831938150.0	60505.56038021853	597.5	0.0	0.0	0.0	0.0	854030	11.0	22003.102727070476	11.0
65	2020-03-06	923954	79626	0.0	71536	3896751304.0	54472.59147841646	488.0	0.0	0.0	0.0	0.0	818733	10.0	21610.67858752487	10.0
66	2020-03-07	795246	84682	0.0	76132	4789040031.0	62904.42955655966	1339.0	0.0	0.0	0.0	0.0	702581	11.0	22449.99848273722	11.0
67	2020-03-08	794064	82293	0.0	72987	3514582167.0	48153.53647909902	1582.0	0.0	0.0	0.0	0.0	697099	14.0	27743.801761299328	14.0
68	2020-03-09	875185	131173	0.0	116948	5078710920.0	43427.08656838937	1212.0	0.0	0.0	0.0	0.0	770216	16.0	23559.88291985625	16.0
69	2020-03-10	949333	151636	0.0	133274	4856544686.0	36440.30107898015	776.0	0.0	0.0	0.0	0.0	835515	12.0	19623.78628630246	12.0
70	2020-03-11	1075798	185509	0.0	164447	7110042968.0	43236.075866388564	595.0	0.0	0.0	0.0	0.0	947308	12.0	19890.12747701909	12.0
71	2020-03-12	1408206	401793	0.0	352885	29460402336.0	83484.42789010584	1686.0	0.0	0.0	0.0	0.0	1240532	39.0	45169.23797532026	39.0
72	2020-03-13	1310283	403636	0.0	356219	31487669247.0	88394.13183182255	2096.0	0.0	0.0	0.0	0.0	1155379	30.0	43498.53116682924	30.0
73	2020-03-14	1077338	316271	0.0	277142	26114132241.0	94226.54177641787	2636.0	0.0	0.0	0.0	0.0	943968	31.0	45335.17706108682	31.0
74	2020-03-15	1107255	339024	0.0	298073	19946486356.0	66918.12527803592	1972.0	0.0	0.0	0.0	0.0	971699	38.0	38171.756867095675	38.0
75	2020-03-16	1319029	375396	0.0	332207	45118291542.0	135813.7894204517	1296.0	0.0	0.0	0.0	0.0	1162710	32.0	53838.92880425901	32.0
76	2020-03-17	1322873	402355	0.0	354992	46222803756.0	130208.0152679497	1699.0	0.0	0.0	0.0	0.0	1169867	23.0	51105.37250730211	23.0
77	2020-03-18	1301925	397388	0.0	349209	30373588526.0	86978.25235317532	1248.0	0.0	0.0	0.0	0.0	1149480	19.0	36720.400637679646	19.0
78	2020-03-19	1301749	415489	0.0	364701	29344473429.0	80461.73009945134	1334.0	0.0	0.0	0.0	0.0	1145483	18.0	35092.03389836427	18.0
79	2020-03-20	1364674	417476	0.0	366383	26241822964.0	71624.01902926719	1495.0	0.0	0.0	0.0	0.0	1204042	24.0	34298.530817861836	24.0
80	2020-03-21	1188044	343095	0.0	302604	22715237650.0	75065.88693473978	1495.0	0.0	0.0	0.0	0.0	1045015	23.0	38199.920337028656	23.0
81	2020-03-22	1196464	364525	0.0	322974	18523598073.0	57353.217512864816	1872.0	0.0	0.0	0.0	0.0	1050667	31.0	42219.9827328735	31.0
82	2020-03-23	1317458	405208	0.0	359141	15162373932.0	42218.443263230874	1247.0	0.0	0.0	0.0	0.0	1154881	29.0	29452.24686093199	29.0
83	2020-03-24	1359924	395430	0.0	350586	10058457189.0	28690.413162533587	976.0	0.0	0.0	0.0	0.0	1193277	27.0	32180.930456214275	27.0
84	2020-03-25	1285232	325035	0.0	290082	7601027655.0	26203.031056735683	543.0	0.0	0.0	0.0	0.0	1132433	17.0	28285.892833395	17.0
85	2020-03-26	1294014	323310	0.0	288977	7907250961.0	27362.90763970835	632.0	0.0	0.0	0.0	0.0	1136508	18.0	26954.598723458173	18.0
86	2020-03-27	1250245	327928	0.0	294095	9701779433.0	32988.59019364491	728.0	0.0	0.0	0.0	0.0	1100306	13.0	22459.46604944443	13.0
87	2020-03-28	1112835	262237	0.0	232443	9989302765.0	42975.2789501082	836.0	0.0	0.0	0.0	0.0	972680	15.0	26851.336119792737	15.0
88	2020-03-29	1104034	264029	0.0	233731	7517193930.0	32161.732632812935	1182.0	0.0	0.0	0.0	0.0	962818	17.0	25706.530614300937	17.0
89	2020-03-30	1184544	278216	0.0	245659	6624162692.0	26964.868748956887	536.0	0.0	0.0	0.0	0.0	1035001	16.0	24332.099362222838	16.0
90	2020-03-31	1193899	278451	0.0	248634	6123228796.0	24627.479733262546	466.0	0.0	0.0	0.0	0.0	1049062	15.0	25794.066674800917	15.0
91	2020-04-01	1198982	286876	0.0	257107	11545580215.0	44905.74046992108	560.0	0.0	0.0	0.0	0.0	1057758	13.0	28845.106307870043	13.0
92	2020-04-02	1193056	282194	0.0	252143	7629706552.0	30259.442268871237	442.0	0.0	0.0	0.0	0.0	1050609	14.0	25094.47881086113	14.0
93	2020-04-03	1198136	269068	0.0	242351	4480230523.0	18486.536152109955	413.0	0.0	0.0	0.0	0.0	1058020	14.0	21971.35289503034	14.0
94	2020-04-04	1088837	228941	0.0	204509	4036675965.0	19738.378090939765	725.0	0.0	0.0	0.0	0.0	956120	16.0	25161.42595280927	16.0
95	2020-04-05	1028654	215714	0.0	190961	5188965816.0	27172.908688161457	810.0	0.0	0.0	0.0	0.0	896178	13.0	24253.432996569878	13.0
96	2020-04-06	907958	253652	0.0	226078	5373707976.0	23769.2653685896	634.0	0.0	0.0	0.0	0.0	797903	19.0	23256.393086628326	19.0
97	2020-04-07	1122960	253348	0.0	226273	4656867234.0	20580.74641693883	476.0	0.0	0.0	0.0	0.0	987423	16.0	20712.10435041517	16.0
98	2020-04-08	1186088	220478	0.0	196620	3211507687.0	16333.575867154917	277.0	0.0	0.0	0.0	0.0	1038255	11.0	19952.151405001663	11.0
99	2020-04-09	1099915	211146	0.0	189769	3431854598.0	18084.379419188594	294.0	0.0	0.0	0.0	0.0	964373	9.0	19407.351976880316	9.0
100	2020-04-10	1071015	211967	0.0	189467	3434680762.0	18128.121319279875	388.0	0.0	0.0	0.0	0.0	940719	11.0	20061.21597097539	11.0
101	2020-04-11	948068	173706	0.0	154268	2519664878.0	16333.036520859803	479.0	0.0	0.0	0.0	0.0	826402	9.0	17832.61103917948	9.0
102	2020-04-12	963620	154388	0.0	137421	2795342716.0	20341.452296228377	807.0	0.0	0.0	0.0	0.0	838262	10.0	20438.697324941368	10.0
103	2020-04-13	1081287	202834	0.0	181229	3066868115.0	16922.6123578456	465.0	0.0	0.0	0.0	0.0	946384	13.0	19841.73609866608	13.0
104	2020-04-14	1138560	193703	0.0	174576	2984367203.0	17094.945485060947	274.0	0.0	0.0	0.0	0.0	999695	12.0	23154.490231520613	12.0
105	2020-04-15	1111995	199752	0.0	180492	3419481159.0	18945.33363805598	254.0	0.0	0.0	0.0	0.0	980251	10.0	19348.526784466427	10.0
106	2020-04-16	1112480	199958	0.0	180064	2512861809.0	13955.381469921806	267.0	0.0	0.0	0.0	0.0	978810	9.0	16865.250735076264	9.0
107	2020-04-17	1119803	207375	0.0	186928	3293750815.0	17620.425056706325	353.0	0.0	0.0	0.0	0.0	987628	10.0	18046.367953318455	10.0
108	2020-04-18	1000364	173331	0.0	153568	2539471352.0	16536.461710773077	549.0	0.0	0.0	0.0	0.0	875100	12.0	20342.801898068792	12.0
109	2020-04-19	981594	176047	0.0	155533	3039319397.0	19541.315328579785	829.0	0.0	0.0	0.0	0.0	856438	11.0	20955.817530282402	11.0
110	2020-04-20	1071654	194147	0.0	172523	5786638917.0	33541.2606840827	544.0	0.0	0.0	0.0	0.0	937739	14.0	25831.69867095215	14.0
111	2020-04-21	1073125	184064	0.0	164951	2483931691.0	15058.603409497366	263.0	0.0	0.0	0.0	0.0	942437	10.0	20585.561187644373	10.0
112	2020-04-22	1075298	193145	0.0	173144	4195327390.0	24230.278785288545	300.0	0.0	0.0	0.0	0.0	945676	9.0	19611.308398436675	9.0
113	2020-04-23	1067430	190421	0.0	170151	4242084053.0	24931.29075350718	321.0	0.0	0.0	0.0	0.0	938090	8.0	20475.385304181902	8.0
114	2020-04-24	1217195	217339	0.0	195272	4136535375.0	21183.45372096358	542.0	0.0	0.0	0.0	0.0	1075461	9.0	24445.94745230185	9.0
115	2020-04-25	1018034	146736	0.0	130906	2527940284.0	19311.110904007455	603.0	0.0	0.0	0.0	0.0	892145	11.0	21652.272900705604	11.0
116	2020-04-26	885293	132000	0.0	117694	2779922374.0	23619.9158325828	674.0	0.0	0.0	0.0	0.0	767703	11.0	21864.744119796327	11.0
117	2020-04-27	986046	148231	0.0	133018	2111755779.0	15875.714407072726	233.0	0.0	0.0	0.0	0.0	861360	9.0	17423.616184870436	9.0
118	2020-04-28	985986	164767	0.0	148309	2005436262.0	13522.013242621824	249.0	0.0	0.0	0.0	0.0	863003	9.0	16398.415273179817	9.0
119	2020-04-29	950968	155147	0.0	139495	1693283693.0	12138.669436180508	198.0	0.0	0.0	0.0	0.0	837622	8.0	16965.935589084336	8.0
120	2020-04-30	1042494	138974	0.0	125452	1031870948.0	8225.225169786054	107.0	0.0	0.0	0.0	0.0	917980	10.0	18377.706711475195	10.0
121	2020-05-01	1044609	130969	25526.0	118649	1158610476.0	9765.025208809177	111.0	22669.0	751655003.0	33157.83682562089	2857.0	919456	9.0	16943.47815991195	9.0
122	2020-05-02	875743	113203	15419.0	101282	1513047237.0	14938.95496731897	351.0	13300.0	373412827.0	28076.152406015037	1488.0	766349	9.0	19803.61695780904	9.0
123	2020-05-03	864101	118435	17712.0	103219	2809262568.0	27216.525717164477	583.0	15150.0	513882971.0	33919.66805280528	2459.0	747351	12.0	22577.01621460331	12.0
124	2020-05-04	979301	134737	15676.0	119979	2011646606.0	16766.65588144592	296.0	13521.0	439181327.0	32481.423489386878	1047.0	856171	11.0	18799.106678455588	11.0
125	2020-05-05	1010555	157168	13394.0	140567	2028579297.0	14431.404931456174	272.0	11568.0	337509969.0	29176.172977178423	683.0	885283	9.0	19778.438904847375	9.0
126	2020-05-06	990340	148197	13116.0	132628	1804467100.0	13605.476219199565	235.0	11524.0	145824185.0	12653.955657757722	809.5	870215	10.0	19936.533409559706	10.0
127	2020-05-07	1041399	141103	14867.0	127112	1323781357.0	10414.29099534269	222.0	12925.0	196136516.0	15174.972224371373	823.0	912865	13.0	18882.3102057807	13.0
128	2020-05-08	1049406	130798	17190.0	117460	2105535131.0	17925.550238379023	192.0	15188.0	931493313.0	61330.873913616015	1156.0	923555	12.0	21119.68541884349	12.0
129	2020-05-09	900748	117369	13937.0	105596	2610079033.0	24717.593781961437	608.0	12106.0	475161431.0	39250.07690401454	1930.5	792094	13.0	22634.132392115076	13.0
130	2020-05-10	848858	101350	10962.0	91307	2084620786.0	22830.89780630182	782.0	9399.0	153644434.0	16346.891584211086	837.0	747011	13.0	22483.166289385295	13.0
131	2020-05-11	983100	126183	13744.0	114423	2807313137.0	24534.51785917167	407.0	12047.0	944398148.0	78392.80717191003	1916.0	863438	18.0	26021.92833880371	18.0
132	2020-05-12	1041291	150595	17105.0	135815	3338259911.0	24579.46405772558	452.0	15124.0	861797263.0	56982.09884951071	2227.0	921097	17.0	23111.347598569966	17.0
133	2020-05-13	1025883	145559	12794.0	130657	3182828326.0	24360.18220225476	328.0	11022.0	176091222.0	15976.340228633642	590.0	904465	11.0	19391.249726633978	11.0
134	2020-05-14	1053749	147828	11881.0	133545	3512841514.0	26304.552877307277	341.0	9651.0	80352681.0	8325.839912962387	223.0	930761	11.0	26868.62592222923	11.0
135	2020-05-15	1016434	132328	12657.0	119285	1930419493.0	16183.254332061868	227.0	10872.0	849767229.0	78161.07698675497	846.0	899667	10.0	24962.248963227506	10.0
136	2020-05-16	886923	97692	10741.0	87279	1676680953.0	19210.58849207713	320.0	9542.0	985061121.0	103234.2403060155	1424.0	777591	12.0	23272.766085255615	12.0
137	2020-05-17	882408	94965	8306.0	84675	2219183103.0	26208.24449955713	495.0	7302.0	473061175.0	64785.151328403175	729.0	774908	16.0	28888.02073020281	16.0
138	2020-05-18	956934	119234	10235.0	107068	4213883953.0	39357.08104195465	354.5	8991.0	354008254.0	39373.62406851296	634.0	843609	12.0	25316.361709038192	12.0
139	2020-05-19	969176	128130	8291.0	114764	3340479439.0	29107.38070300791	354.0	7297.0	96785790.0	13263.778265040428	332.0	852400	12.0	21313.988374002816	12.0
140	2020-05-20	997851	114976	8566.0	104067	2149144053.0	20651.542304476923	225.0	7518.0	476985148.0	63445.74993349295	279.0	882515	13.0	26526.0693869226	13.0
141	2020-05-21	990540	121479	12055.0	109395	2009838761.0	18372.309164038576	250.0	10488.0	526794168.0	50228.276887871856	1758.0	876131	11.0	21510.24615154583	11.0
142	2020-05-22	986534	107830	16986.0	97353	1774748503.0	18230.03403079515	235.0	14507.0	313206333.0	21590.01399324464	1401.0	869180	10.0	22443.246851055017	10.0
143	2020-05-23	832818	93281	13815.0	83737	1494370996.0	17846.005899423195	558.0	11780.0	227503056.0	19312.653310696096	1528.0	731755	11.0	20967.12549282205	11.0
144	2020-05-24	846016	95348	11953.0	85600	3402585793.0	39749.83403037383	829.0	10422.0	238503705.0	22884.63874496258	1375.5	742181	14.0	24647.64742293322	14.0
145	2020-05-25	849832	89902	11209.0	80412	2827451540.0	35162.05964283938	799.0	9797.0	336165930.0	34313.149943860364	1200.0	744228	14.0	23521.172941625417	14.0
146	2020-05-26	938354	93910	43354.0	84969	1970017210.0	23185.128811684262	286.0	38545.0	2081506206.0	54001.977065767285	5552.0	826007	14.0	24728.19297657284	14.0
147	2020-05-27	1095402	107131	93935.0	95424	4500788310.0	47166.208815392354	382.0	80021.0	10682602004.0	133497.48196098523	8338.0	963146	21.0	36554.69858463826	21.0
148	2020-05-28	1175524	109440	165081.0	97867	3501979201.0	35783.04434589801	410.0	138991.0	22092186177.0	158946.8827262197	6321.0	1024674	33.0	58891.3866078382	33.0
149	2020-05-29	1387637	86890	334743.0	77634	2529387012.0	32580.91830898833	287.0	288347.0	60751446376.0	210688.67155198424	6554.0	1213542	109.0	90874.2548465566	109.0
150	2020-05-30	1344266	70386	402845.0	61302	3985181469.0	65008.99593814231	680.5	347980.0	56116541886.0	161263.6987355595	5630.0	1169056	294.0	89836.85559288862	294.0
151	2020-05-31	1617623	72669	587891.0	64486	6115165775.0	94829.3548212015	2151.0	509041.0	60741393026.0	119325.14871297203	6794.0	1404897	740.0	100428.28509919232	740.0
152	2020-06-01	1689120	68155	563382.0	61119	3801174252.0	62193.00466303441	602.0	492693.0	60846837992.0	123498.48281181182	5921.0	1478432	595.0	97820.49391923335	595.0
153	2020-06-02	1863294	63687	645066.0	56264	3910594868.0	69504.38767240154	624.5	566248.0	77654351200.0	137138.4114380978	7791.0	1626026	881.0	100953.63815523245	881.0
154	2020-06-03	1705496	71035	524639.0	63600	5554648508.0	87337.2406918239	735.0	456442.0	46306012623.0	101449.938049084	6343.0	1486989	529.0	86451.34129707751	529.0
155	2020-06-04	1568847	62481	423187.0	54677	2666959729.0	48776.628728715914	204.0	367870.0	41994936304.0	114157.00194090304	5876.0	1366628	334.0	81443.57000002927	334.0
156	2020-06-05	1548174	71792	420072.0	63635	2477183647.0	38928.00576726644	441.0	363281.0	33667740784.0	92676.85561314794	4868.0	1354958	289.0	65413.05409614173	289.0
157	2020-06-06	1255119	59948	312296.0	53374	5960964664.0	111682.92921647245	1266.0	270126.0	26163857169.0	96857.97431198774	4725.0	1098269	270.0	69397.25345338893	270.0
158	2020-06-07	1194863	49933	299039.0	44357	2900468336.0	65389.190792885	1039.0	257753.0	26197681883.0	101638.70792192525	6558.0	1036317	281.0	63548.57476718031	281.0
159	2020-06-08	1196233	54926	276009.0	49578	1863665078.0	37590.56593650409	212.0	241880.0	22572973263.0	93323.02490077725	5932.0	1045922	122.0	53867.16974210314	122.0
160	2020-06-09	1219023	58082	232163.0	52985	2238741505.0	42252.36397093517	200.0	204575.0	17662743956.0	86338.72152511304	4597.0	1079888	96.0	51159.09981683286	96.0
161	2020-06-10	1204232	58587	202315.0	53034	1720623864.0	32443.788211336123	159.0	178918.0	14459490902.0	80816.30077465654	4067.0	1068551	68.0	51714.19711459724	68.0
162	2020-06-11	1224867	71584	209156.0	65812	2003095497.0	30436.630052270102	351.0	185240.0	17503228230.0	94489.46356078601	7551.0	1087686	61.0	49037.100226535964	61.0
163	2020-06-12	1155465	81069	181132.0	73913	2712015488.0	36691.99583293872	680.0	159224.0	13600424402.0	85416.92459679446	6205.0	1021433	61.0	42667.810813827244	61.0
164	2020-06-13	1002273	66504	152182.0	60254	2834845629.0	47048.25619875859	1641.0	133976.0	10962918736.0	81827.48205648773	6573.0	881547	91.0	42915.48880887803	91.0
165	2020-06-14	1059150	60610	148899.0	55552	4513671034.0	81251.2786938364	2516.0	130681.0	11774329077.0	90099.77790956604	7026.0	930379	153.0	45829.95447016753	153.0
166	2020-06-15	1108032	84081	127410.0	76154	4315484739.0	56667.866940672844	1331.0	111220.0	8129218026.0	73091.33272792664	4433.0	978989	85.0	43377.46845470174	85.0
167	2020-06-16	1119473	85740	122589.0	77048	2048790588.0	26591.0937078185	498.0	106701.0	6558542772.0	61466.553940450416	2253.0	987739	48.0	40365.439291148774	48.0
168	2020-06-17	1139983	91405	111563.0	83872	2902910888.0	34611.203834414344	671.0	98573.0	5099948637.0	51737.78455560853	2035.0	1013759	44.0	33577.16872057363	44.0
169	2020-06-18	1199545	80200	123754.0	73597	2904685561.0	39467.44515401443	385.0	108441.0	7290220045.0	67227.5250597099	3186.0	1062382	53.0	35994.37939648827	53.0
170	2020-06-19	1161984	89525	186995.0	82265	5308284233.0	64526.64235093904	686.0	167629.0	12105465706.0	72215.82009079575	2403.0	1033604	42.0	40115.93150955298	42.0
171	2020-06-20	1085687	81867	122666.0	74753	5030167796.0	67290.51403957032	1242.0	107445.0	8926689175.0	83081.47587137605	3264.0	957597	101.0	38221.03107674731	101.0
172	2020-06-21	1084940	77447	86174.0	70080	5100391504.0	72779.5591324201	2997.0	74334.0	5861643514.0	78855.48354723275	3778.0	954197	120.0	42312.47482647713	120.0
173	2020-06-22	1069912	82376	89566.0	75196	4218633462.0	56101.833368796215	906.5	78705.0	3966858199.0	50401.60344323741	2966.0	948257	51.0	38618.137476443626	51.0
174	2020-06-23	1156983	102994	103096.0	94779	5068835646.0	53480.57740638749	959.0	90737.0	4170212801.0	45959.3418451128	2339.0	1029600	45.0	35436.41770299145	45.0
175	2020-06-24	1176847	103644	95301.0	95453	3834931858.0	40176.12707824793	720.0	83188.0	3383748606.0	40675.92208010771	2430.0	1047274	48.0	32565.046008017005	48.0
176	2020-06-25	1147897	124803	88883.0	113672	4770706257.0	41969.05356640158	877.0	78299.0	3604657065.0	46037.07665487426	2139.0	1023104	36.0	33314.94526753879	36.0
177	2020-06-26	1118420	139953	71584.0	128282	9498922685.0	74047.19824293353	1174.0	61957.0	2100398625.0	33900.90909824556	1282.0	1000647	32.0	35336.13484375609	32.0
178	2020-06-27	1021001	103738	70160.0	94926	5070342520.0	53413.632935128415	1362.0	60680.0	3598531708.0	59303.42300593276	2687.0	910183	64.0	37488.48417845642	64.0
179	2020-06-28	1011594	94217	81830.0	86312	9032999092.0	104655.19385485216	2463.5	72661.0	4142731057.0	57014.50650280068	4386.0	903413	100.0	41944.22282389118	100.0
180	2020-06-29	1103656	98146	93609.0	90039	6768492735.0	75172.89991003898	971.0	84150.0	5564808530.0	66129.63196672608	5534.5	989430	60.0	38739.447763864046	60.0
181	2020-06-30	1126891	109465	71328.0	100546	5642430844.0	56117.90468044477	697.0	63971.0	3083053517.0	48194.54935830298	2079.0	1018237	40.0	32705.201080887848	40.0
182	2020-07-01	1086854	103915	70216.0	95855	3311186637.0	34543.702853267954	460.0	62024.0	2292225051.0	36957.065829356376	1481.0	980339	29.0	29259.928082020608	29.0
183	2020-07-02	1079396	116004	56043.0	106795	4194578895.0	39276.92209373098	623.0	49160.0	1529266070.0	31107.93470301058	1106.0	970558	36.0	44471.04260435749	36.0
184	2020-07-03	1002154	104645	54043.0	94769	4410439600.0	46538.84287055894	1037.0	48148.0	1834186363.0	38094.75706156019	1920.0	900020	34.0	48511.28246038977	34.0
185	2020-07-04	971359	84363	57982.0	76223	3748920329.0	49183.5840756727	1752.0	52324.0	2836306454.0	54206.60603164895	2628.5	869775	56.0	35697.638957201576	56.0
186	2020-07-05	893486	71469	63077.0	65148	3939955950.0	60477.005433781545	1929.0	56518.0	3182115526.0	56302.69163806221	5001.0	794732	60.0	44716.288883548164	60.0
187	2020-07-06	1021395	116449	72808.0	106224	5166381572.0	48636.66941557464	1686.5	65064.0	3972112585.0	61049.314290544695	4268.0	912042	55.0	35057.2152554378	55.0
188	2020-07-07	1042117	135819	59718.0	124303	5213631778.0	41942.92799047489	1470.0	53051.0	2676759966.0	50456.35267949709	2915.0	934151	37.0	32033.751365678567	37.0
189	2020-07-08	1057452	126774	46830.0	117373	4813703961.0	41012.02117181975	965.0	41761.0	1389149180.0	33264.27001269127	1302.0	950854	30.0	30352.19577243194	30.0
190	2020-07-09	1068098	110732	44753.0	102050	4240614521.0	41554.282420382166	656.0	39630.0	1042033629.0	26294.06078728236	1025.5	966772	34.0	30276.976793907976	34.0
191	2020-07-10	1013636	103118	38998.0	94755	2717487013.0	28679.08831196243	457.0	34646.0	775970331.0	22397.111672343126	884.5	917190	21.0	26326.55009976123	21.0
192	2020-07-11	939654	84868	35669.0	78206	2373617988.0	30350.842492903357	714.0	31775.0	884716803.0	27843.17239968529	1823.0	848734	46.0	32227.442516736694	46.0
193	2020-07-12	905005	101400	37390.0	92983	2795140226.0	30060.76622608434	1594.0	32858.0	985630783.0	29996.676091058493	1857.0	814715	37.0	29228.64215952818	37.0
194	2020-07-13	993428	140586	42263.0	129178	5242671964.0	40584.867113595195	1891.0	37224.0	1335324212.0	35872.66849344509	1842.5	893527	31.0	27053.799805713763	31.0
195	2020-07-14	1044733	131563	45150.0	121313	3568878419.0	29418.76319108422	894.0	40292.0	1897960441.0	47105.14347761342	2296.0	947239	32.0	29136.42919052108	32.0
196	2020-07-15	1080415	137035	47053.0	126203	5176745395.0	41019.19443277894	1108.0	41768.0	1949607617.0	46677.06418789504	2049.0	979729	30.0	31530.468405038537	30.0
197	2020-07-16	1056140	138862	41640.0	127737	5817674523.0	45544.16122971418	1060.0	37386.0	1910155628.0	51092.805542181566	2007.0	957891	26.0	27368.39087328308	26.0
198	2020-07-17	1059666	116136	70662.0	106764	3628779342.0	33988.79155895246	642.0	64458.0	2605569477.0	40422.74778925812	4547.0	958111	30.0	25975.14201590421	30.0
199	2020-07-18	990295	77556	67346.0	70078	1644139092.0	23461.55843488684	668.0	61202.0	2039891642.0	33330.47354661612	3698.0	894037	89.0	29857.669656848655	89.0
200	2020-07-19	899029	81204	55693.0	73641	2018728405.0	27413.10418109477	995.0	49346.0	2106908741.0	42696.646962266444	2884.0	808296	44.0	26807.88530439344	44.0
201	2020-07-20	1001970	97300	61791.0	89906	3312941136.0	36848.94374124085	755.0	55377.0	2250550508.0	40640.527800350326	2556.0	905776	29.0	25594.26759816997	29.0
202	2020-07-21	1050769	96066	54993.0	89352	2615700254.0	29274.109745724774	495.0	49441.0	928816185.0	18786.355150583524	1395.0	955600	26.0	25665.622316868983	26.0
203	2020-07-22	1100201	95320	65484.0	87933	2612918543.0	29714.879999545108	407.0	58266.0	1254842537.0	21536.445560017848	1857.0	993800	25.0	25114.833824713223	25.0
204	2020-07-23	1141901	87984	73273.0	81531	2156262769.0	26447.15223657259	298.0	66118.0	2453727894.0	37111.34477751898	2578.0	1036419	24.0	33937.40129715877	24.0
205	2020-07-24	1096723	89226	59686.0	82253	2663656525.0	32383.70059450719	415.0	54169.0	2525807876.0	46628.29064594141	2507.0	997847	21.0	27049.02486152687	21.0
206	2020-07-25	961927	80818	62316.0	74720	5191136282.0	69474.52197537474	1597.0	56942.0	2026000113.0	35580.065909170735	3154.0	872371	30.0	28304.91537201489	30.0
207	2020-07-26	943423	68507	70519.0	62725	2133366384.0	34011.42102829813	1088.0	63265.0	1818294342.0	28740.920603809373	2600.0	850180	41.0	26630.00728669223	41.0
208	2020-07-27	1002399	99376	63916.0	91707	2697598759.0	29415.407318961476	674.0	57361.0	1702876288.0	29687.004898798834	2688.0	906423	28.0	22541.292703296363	28.0
209	2020-07-28	1141693	136721	61910.0	122645	3594717417.0	29309.938578825066	1225.0	55880.0	1042400652.0	18654.270794559772	1726.0	1031307	31.0	21740.604560038864	31.0
210	2020-07-29	1127100	114067	67551.0	105016	2228087029.0	21216.64345433077	727.0	60445.0	2156215769.0	35672.35948382827	2707.0	1023010	25.0	22950.178590629614	25.0
211	2020-07-30	1202673	126430	47187.0	115800	3758807906.0	32459.48105354059	826.0	43121.0	3276407467.0	75981.71348067067	1963.0	1095520	31.0	25821.558417920256	31.0
212	2020-07-31	1102565	109941	40458.0	101025	3797364993.0	37588.36914625093	856.0	36454.0	2184062000.0	59912.821638229	1363.0	1001208	25.0	26707.305269234763	25.0
213	2020-08-01	957679	84760	33552.0	78247	2291508945.0	29285.582130944316	1128.0	30241.0	853898884.0	28236.463212195365	1415.0	869255	25.0	26186.974846276407	25.0
214	2020-08-02	919075	85750	31063.0	78932	2656366606.0	33653.8616277302	1443.5	27606.0	362958897.0	13147.826450771572	1069.0	832229	28.0	25209.667837818677	28.0
215	2020-08-03	967923	94159	33659.0	86976	2582443109.0	29691.444869849154	653.0	30383.0	686243613.0	22586.433630648717	1237.0	878466	18.0	24057.29261917934	18.0
216	2020-08-04	1052319	91613	35492.0	84898	2156548422.0	25401.63987373083	436.0	31953.0	1939464182.0	60697.40500109536	1198.0	959623	21.0	26155.10680548507	21.0
217	2020-08-05	1044010	84116	34491.0	77529	1867931627.0	24093.328006294418	321.0	31196.0	690499184.0	22134.22182331068	1251.5	949588	21.0	23090.724759579945	21.0
218	2020-08-06	1062801	90428	31380.0	83615	2019199184.0	24148.76737427495	396.0	28411.0	432548517.0	15224.684699588188	891.0	970737	19.0	22474.19691945398	19.0
219	2020-08-07	1040932	87299	32404.0	80785	2100536846.0	26001.570167729158	425.0	29182.0	762206469.0	26119.06205880337	1112.0	950071	15.0	18777.968144486043	15.0
220	2020-08-08	926950	71816	33605.0	66132	2172260750.0	32847.34697272122	887.0	30414.0	809048067.0	26601.172716512134	2177.0	840361	24.0	20988.72321300013	24.0
221	2020-08-09	910223	73674	27071.0	68135	2295579119.0	33691.62866368239	1514.0	24149.0	387997847.0	16066.828729968114	1226.0	824875	35.0	23050.383563570238	35.0
222	2020-08-10	1029695	95840	42797.0	89004	3685251053.0	41405.45428295358	1052.0	38323.0	788267404.0	20569.042193982725	1368.0	936773	29.0	25211.510229265787	29.0
223	2020-08-11	1180908	89059	40401.0	82816	2669689326.0	32236.395454984544	588.0	36637.0	1001638268.0	27339.527472227528	1248.0	1078983	29.0	31946.93885353152	29.0
224	2020-08-12	1153244	63809	42101.0	59044	1110990983.0	18816.323131901634	169.0	38324.0	1003374763.0	26181.368411439307	1617.0	1052133	24.0	25967.468758227333	24.0
225	2020-08-13	1136068	77877	42051.0	72577	1454246597.0	20037.29276492553	330.0	38409.0	804824600.0	20954.0628498529	1795.0	1037227	31.0	24592.053611215288	31.0
226	2020-08-14	1145612	73685	42358.0	68531	1794665246.0	26187.641301017058	413.0	38847.0	1272384847.0	32753.747959945427	2238.0	1049131	36.0	25188.441861883788	36.0
227	2020-08-15	929296	49381	39803.0	45708	1012410927.0	22149.534589131006	506.0	35278.0	1633376303.0	46300.13898180169	3626.0	846481	37.0	27414.315095081874	37.0
228	2020-08-16	613876	30166	19567.0	27958	853437123.0	30525.685778668	476.0	17671.0	662739473.0	37504.35589383736	2048.0	561787	9.0	29837.925678237483	9.0
229	2020-08-17	658402	36205	19701.0	34019	700624871.0	20595.10482377495	96.0	18139.0	595259999.0	32816.5829979602	2107.0	605545	8.0	24738.017410762204	8.0
230	2020-08-18	843960	44271	25598.0	41242	808928353.0	19614.188278938946	148.0	23627.0	1430738787.0	60555.24556651289	1732.0	778640	11.0	26437.532904808384	11.0
231	2020-08-19	1151262	60500	41478.0	56267	1339622432.0	23808.314500506513	179.0	38155.0	3177197343.0	83270.79918752456	3555.0	1059312	23.0	23594.096695779903	23.0
232	2020-08-20	1216938	56113	41091.0	52723	1094321988.0	20756.06448798437	162.0	37806.0	1406869631.0	37212.86650267153	1755.0	1121122	33.0	21588.276906527568	33.0
233	2020-08-21	1180822	54484	30810.0	51131	1402974882.0	27438.831276525005	213.0	28106.0	589025868.0	20957.29979363837	1278.0	1090699	31.0	23873.45317177333	31.0
234	2020-08-22	948442	50736	28793.0	47480	1147789984.0	24174.178264532435	564.0	26127.0	563989367.0	21586.457189880202	1466.0	875507	35.0	28394.92542378302	35.0
235	2020-08-23	968018	59479	33886.0	55517	1460633476.0	26309.661473062304	1040.0	31135.0	676274378.0	21720.712317327765	2112.0	892994	34.0	26170.67206498588	34.0
236	2020-08-24	1062573	62230	82661.0	57951	1360234803.0	23472.154112957498	430.0	76298.0	4657416762.0	61042.44884531705	6347.0	977599	44.0	26153.90414372355	44.0
237	2020-08-25	1163181	58442	81324.0	54889	1187125451.0	21627.74783654284	200.0	75577.0	2962126149.0	39193.48676184553	2923.0	1074096	38.0	24419.02164052375	38.0
238	2020-08-26	1274411	61866	152040.0	57768	1700659665.0	29439.476267137514	320.0	141063.0	6900850651.0	48920.34517201534	5451.0	1176434	65.0	32585.98562180284	65.0
239	2020-08-27	1296090	64304	193732.0	60665	2086461276.0	34393.16370229951	494.0	180778.0	14698065278.0	81304.50208543075	8106.0	1197489	113.0	45854.009409689774	113.0
240	2020-08-28	1280057	70760	126044.0	66887	2096250532.0	31340.17868943143	742.0	116281.0	5923697380.0	50942.95181499987	3988.0	1180626	93.0	35363.6070466007	93.0
241	2020-08-29	1107346	45617	78782.0	42644	1266946361.0	29709.83868774036	464.0	72406.0	2473557246.0	34162.324199651965	3318.5	1020285	196.0	222961.80997662418	196.0
242	2020-08-30	994669	47584	103043.0	43736	1034914282.0	23662.75567038595	639.0	93994.0	2593531869.0	27592.525788880142	4130.5	906992	93.0	40564.87738921622	93.0
243	2020-08-31	1080263	62832	97989.0	58435	1442572384.0	24686.786754513563	486.0	90176.0	2210992210.0	24518.632562987936	4083.0	994772	62.0	35730.360869626405	62.0
244	2020-09-01	1121644	64046	86853.0	60133	2149676420.0	35748.6973874578	442.0	79163.0	1765904672.0	22307.197453355733	2928.0	1038252	29.0	27692.36129186363	29.0
245	2020-09-02	1088634	72156	67276.0	67903	2018255619.0	29722.62814603184	552.0	62247.0	1785089140.0	28677.51281186242	2923.0	1009984	30.0	25361.51499429694	30.0
246	2020-09-03	1089367	75297	52267.0	70331	1630893871.0	23188.833814391946	637.0	48216.0	1004567465.0	20834.732557657208	1519.0	1012759	23.0	23955.498894603752	23.0
247	2020-09-04	1095453	52183	45367.0	48856	1212831637.0	24824.62004666776	285.0	41738.0	1087719329.0	26060.648066510134	1261.0	1016058	37.0	21674.972493696227	37.0
248	2020-09-05	950834	41862	48339.0	38840	2117078118.0	54507.67554067971	537.0	44490.0	1141570221.0	25659.029467296023	2002.0	881626	43.0	24563.80187403729	43.0
249	2020-09-06	880570	35428	46681.0	32739	1215311242.0	37121.20840587678	415.0	42931.0	941631681.0	21933.606973981507	2196.0	814862	37.0	24066.322631316714	37.0
250	2020-09-07	917115	44423	35710.0	40981	1629999519.0	39774.5179229399	645.0	32560.0	502971712.0	15447.534152334152	1347.0	849011	39.0	24158.19306345854	39.0
251	2020-09-08	970795	55798	43474.0	52125	1564957201.0	30023.159731414868	407.0	40137.0	1023073137.0	25489.526795724643	2095.0	901518	28.0	28031.19835433125	28.0
252	2020-09-09	1119244	99525	35218.0	94976	2290979369.0	24121.666199882075	1691.0	32801.0	790558784.0	24101.66714429438	1243.0	1049960	38.0	23641.00891748257	38.0
253	2020-09-10	1129939	108531	40607.0	103536	2632012013.0	25421.22559303044	1991.0	37892.0	2623195496.0	69228.21429325451	3816.0	1060964	36.0	25822.87685538812	36.0
254	2020-09-11	1082597	75577	42309.0	71792	1813358968.0	25258.510251838645	897.0	40239.0	1852774328.0	46044.243843037846	2001.0	1019577	29.0	26011.197946795583	29.0
255	2020-09-12	916006	54992	31589.0	52833	1829518168.0	34628.32260140443	1036.0	29706.0	926380002.0	31184.945869521307	2026.0	862420	26.0	24836.621096449526	26.0
256	2020-09-13	989671	50694	47899.0	48569	1149333705.0	23663.93594679734	957.0	44442.0	1247654607.0	28073.772714999326	3542.0	935027	20.0	18724.7949545842	20.0
257	2020-09-14	989423	61341	41429.0	58868	1742912347.0	29607.126911055242	794.0	38504.0	1341088950.0	34829.860533970495	2197.0	935557	26.0	20067.38383871854	26.0
258	2020-09-15	1056063	62813	38464.0	60271	1967328244.0	32641.37386139271	655.0	36116.0	1088741241.0	30145.67618230147	1550.0	997617	25.0	24204.718103240022	25.0
259	2020-09-16	1115834	83680	30503.0	80191	2191073987.0	27323.19071965682	1254.0	28392.0	865651588.0	30489.27824739363	940.0	1058093	23.0	20968.635259849558	23.0
260	2020-09-17	1030968	85656	36578.0	82325	2213383515.0	26885.921834193745	1244.0	34324.0	387564796.0	11291.364526278989	1532.0	977297	20.0	18762.890114264137	20.0
261	2020-09-18	1043798	71558	28139.0	68775	1342839585.0	19525.112104689204	836.0	26320.0	385620309.0	14651.227545592705	1064.0	991345	19.0	17486.7456738068	19.0
262	2020-09-19	1138814	27553	26385.0	26283	603631812.0	22966.625271087774	259.0	24664.0	421881485.0	17105.152651638015	1706.0	1078798	111.0	28488.360789508322	111.0
263	2020-09-20	945975	33237	25035.0	31558	1380174752.0	43734.54439444832	926.0	23308.0	339156091.0	14551.059335850352	1753.0	892207	30.0	27738.257569151552	30.0
264	2020-09-21	1002253	52720	26202.0	50443	2609746948.0	51736.55309953809	635.0	24280.0	484009507.0	19934.493698517297	1136.0	945413	33.0	24955.60796710009	33.0
265	2020-09-22	1016296	70129	27710.0	67815	2801405626.0	41309.52777409128	947.0	26048.0	708716001.0	27208.077433968057	1178.0	963431	22.0	23525.90871894303	22.0
266	2020-09-23	1089101	67092	88075.0	64683	2403399530.0	37156.5872022015	900.0	83611.0	3597658258.0	43028.528040568825	3896.0	1030496	42.0	27485.620512840418	42.0
267	2020-09-24	1111070	51772	99846.0	49696	2612542734.0	52570.48321796523	518.0	94495.0	5076798088.0	53725.57371289486	3997.0	1052858	51.0	30377.519626578323	51.0
268	2020-09-25	1040929	48979	47241.0	46839	1422980981.0	30380.259634065627	335.0	44755.0	1439840880.0	32171.620601050163	2059.0	983997	26.0	23237.362707406628	26.0
269	2020-09-26	935959	42181	32246.0	40269	952827959.0	23661.574883905734	708.0	30376.0	479739775.0	15793.382110877008	1104.0	883680	24.0	22215.709033813146	24.0
270	2020-09-27	1032760	33644	27570.0	32105	498704026.0	15533.531412552562	533.0	26063.0	320813367.0	12309.149637417027	903.0	975707	35.0	24411.274113027783	35.0
271	2020-09-28	1153989	36083	21420.0	34533	581182065.0	16829.758926244464	195.0	20092.0	615998373.0	30658.887766275133	1077.0	1090590	100.0	29641.27294491972	100.0
272	2020-09-29	1104017	48100	30360.0	45909	721143138.0	15708.099457622688	199.0	27595.0	1715196599.0	62156.06446820076	2708.0	1041127	29.0	23850.96955030462	29.0
273	2020-09-30	1864114	56273	186371.0	54027	1498383847.0	27733.982027504768	338.0	178538.0	12293434769.0	68856.12457292005	7064.0	1767158	116.0	49248.6803658756	116.0
